{"train_losses": [5.935040479745993, 5.237414567488942, 4.9766202240129624, 4.801102741578706, 4.665502419860877, 4.558114632619284, 4.466992761079151, 4.3883369092383715, 4.319855933067424, 4.261845039246869, 4.2103532686787215, 4.1669927257568045, 4.12919182991333, 4.0979087659608915, 4.072646672823446, 4.053509593251949, 4.038695787299323, 4.029506020849912, 4.022901696980702, 4.020265390802291], "valid_losses": [5.404683868320002, 5.106170836211629, 4.937929936227082, 4.835275645889988, 4.761594645549796, 4.699101893198972, 4.657508083850662, 4.62427630865505, 4.604526128383041, 4.580944782047602, 4.572199164098397, 4.5665063113835505, 4.5610144910095745, 4.551153768693781, 4.548169673522773, 4.539736206131863, 4.541461762665324, 4.535606042498109, 4.5330959799661805, 4.5373110647146415]}