{"train_losses": [4.0262284096215435, 3.6397489735934303, 3.476969503749688, 3.355402320929973, 3.2566959422281387, 3.170130903229045, 3.0929694346111405, 3.023935598815914, 2.9643405605537154, 2.9087457487760005, 2.8628645891361, 2.82003176554384, 2.784710632315441, 2.7561368706682017, 2.729386475774231, 2.7109650553531366, 2.6987112921899117, 2.687951650371665, 2.6824200677432817, 2.6788548517046453], "valid_losses": [3.8117418104363967, 3.7200114191040514, 3.6894226259039353, 3.679985530616701, 3.6769305587738983, 3.679501640704251, 3.6891228302504664, 3.698837071426155, 3.707621454268463, 3.7170399843260298, 3.729217852732932, 3.7381532340086707, 3.7450954803200656, 3.756938701452211, 3.7560471213141153, 3.764215347378753, 3.7631598128828894, 3.7775597332059876, 3.7751801254213317, 3.7707104294799096]}