{"train_losses": [3.4183779956110776, 3.2403150835306143, 3.164309657832527, 3.1027775107313618, 3.0511234890058083, 3.00438383566769, 2.961860163034149, 2.9242776160513886, 2.887464510230019, 2.856025418306045, 2.824766897903108, 2.8001236538032273, 2.7760345432813556, 2.7563729679956657, 2.739856709766484, 2.7267556517025735, 2.7164888276914576, 2.710535532458191, 2.7055249932069194, 2.702830583307318], "valid_losses": [3.0558428738402568, 2.9649105918631475, 2.906853979820078, 2.860690056747074, 2.817066624893279, 2.7748362885974163, 2.743408873338256, 2.7116798621139, 2.681609411267923, 2.656292745786416, 2.633608270469688, 2.6112273675633704, 2.592704530993272, 2.579893402718413, 2.5697254566245453, 2.5605941200822326, 2.554314819217082, 2.549162557641547, 2.547837510660777, 2.549123653436391]}