{"train_losses": [5.183617746361793, 4.522221418605951, 4.323184055984321, 4.200022769118363, 4.113108173177801, 4.045613940928998, 3.9895397259029375, 3.943740002278235, 3.903171907618927, 3.8691132786530864, 3.8393576975315358, 3.812966763012839, 3.790507376614174, 3.7722338343795094, 3.756620136032412, 3.74379542827126, 3.734945246580264, 3.7283239212761234, 3.7243599647361587, 3.7223935393768497], "valid_losses": [4.423057920737035, 4.153182348794682, 3.9957251758650902, 3.903702315661603, 3.8313388534398745, 3.770798891163721, 3.720684525520936, 3.682279847142251, 3.6520384834263138, 3.616421910115213, 3.5936355836077802, 3.5676786970314005, 3.5460283237442183, 3.5318929757609685, 3.5173265358578676, 3.5108369832930295, 3.505769468084877, 3.5005275448517086, 3.497926549081397, 3.497398697422001]}