{"train_losses": [4.979761014455816, 4.404138104791083, 4.22360363462723, 4.107135843075319, 4.027680578705948, 3.962477312454118, 3.907715424326998, 3.8601683528412805, 3.8165951743224946, 3.780872447660241, 3.7452149156506818, 3.7100334178583663, 3.68229781064393, 3.653318091831243, 3.6192439731372237, 3.5861449836409265, 3.5555578113277426, 3.5259548392214812, 3.497803147233755, 3.4716717652812403, 3.44627548713516, 3.4220155345635868, 3.399814074560109, 3.378538256129654, 3.3585196885768536, 3.3399867016088294, 3.3233457012248535, 3.30719199093578, 3.2929679932723337, 3.2796292873956334, 3.268796884856035, 3.2594864077054906, 3.2506423250694105, 3.243510911958333, 3.2382255509786444, 3.232900669831311, 3.2299760426268627, 3.2270947866277773, 3.225008317462448, 3.224260154379622], "valid_losses": [4.287889928657388, 4.04413568018452, 3.908567991266147, 3.819795164227132, 3.7590757886686617, 3.700023415062713, 3.6526742488529043, 3.610652390148944, 3.569739225238532, 3.541432363343168, 3.500345598578335, 3.465888801951083, 3.453360956335398, 3.4182964853433897, 3.378853411985788, 3.34606793443244, 3.318370678422477, 3.283325111241062, 3.257106415595782, 3.235820789247545, 3.203655162975413, 3.1818245517276043, 3.1542738588816097, 3.1328523888903956, 3.1175578994166133, 3.0983953426429003, 3.0846918073771143, 3.0729420227537525, 3.0547878394376866, 3.0443191610858893, 3.033366301764838, 3.023757581187285, 3.018603903603483, 3.012743073330435, 3.0068342192826236, 3.0052472907169165, 3.0026155576979487, 3.001829703766797, 3.000893908485579, 3.0001808344787237]}