{"train_losses": [3.9976020590567383, 3.611904910242439, 3.4449289199331097, 3.3198100780101956, 3.2161083016027283, 3.1245526726628183, 3.0410531914647394, 2.967513443368602, 2.901274217593605, 2.8421132038699524, 2.7909937798554, 2.745848286449124, 2.706672974732834, 2.6742821542046604, 2.6482767796820905, 2.628377458712355, 2.6124510552901032, 2.601778953766064, 2.594070625140849, 2.59138143060175], "valid_losses": [3.6898364863339093, 3.6687941903176577, 3.706874068660623, 3.699500679262314, 3.7490160452859693, 3.7905864027558165, 3.7909256654960113, 3.8088481028285153, 3.838710505990671, 3.88042578499112, 3.890198894884183, 3.8963961666698625, 3.9396236103790803, 3.94584910346068, 3.9575663592765875, 3.9641419477561817, 3.975617558383093, 3.981044836143358, 3.9847619823602964, 3.9846349178152907]}