{"train_losses": [4.125571728720883, 3.713949480556998, 3.550262289644296, 3.4296665841956226, 3.3295438852003585, 3.2428228972930393, 3.1677648314364673, 3.099874944573933, 3.0424499386659933, 2.9891976215310914, 2.944051044160743, 2.9028825054717347, 2.8696887848946044, 2.841430418059709, 2.819225146443711, 2.801347182043111, 2.787891358086704, 2.778817900304262, 2.7734967186567947, 2.7708185752636285], "valid_losses": [3.8515141149169034, 3.7531479724402566, 3.7024588700637078, 3.6859092804992084, 3.678117495138668, 3.6723160952040295, 3.686048942862205, 3.6901011675306896, 3.6928344629343273, 3.7034491381598906, 3.7122083242657116, 3.7108309176361676, 3.715734254966662, 3.7354950696519276, 3.7343870227776685, 3.7424232357914007, 3.7420953037669356, 3.7457378813363973, 3.7491030160663197, 3.748564835890983]}