{"train_losses": [6.030435078326082, 5.308587545437237, 5.046220346986764, 4.869931181314899, 4.737339015321985, 4.631623983189552, 4.54625069081751, 4.46838924312953, 4.401964252809608, 4.3481916007830375, 4.298753364833549, 4.25765206185172, 4.223428133635116, 4.195168220809685, 4.171039433755549, 4.15393077384864, 4.141774340068319, 4.131747721205806, 4.126133937543963, 4.123719135619011], "valid_losses": [5.466521292693855, 5.169762056927349, 5.002540340719297, 4.886833312899568, 4.806671763575355, 4.751900628555653, 4.70379098256429, 4.666298419006111, 4.642275932223298, 4.621647060379502, 4.612926394440407, 4.598425332890001, 4.592335837756017, 4.583247644956722, 4.583525398904963, 4.571863043215847, 4.569212573443273, 4.572640472604323, 4.575259737266126, 4.572172715682392]}