{"train_losses": [3.4337861810261683, 3.2485998419563002, 3.1740957462540056, 3.115401816263073, 3.0649104053078395, 3.021543274892059, 2.9801610183835856, 2.9447236531481495, 2.9111494385573455, 2.8811446098954216, 2.8535817630490543, 2.829692678079431, 2.8077136834812584, 2.7893676453975105, 2.7747295963606646, 2.7619751444997243, 2.7538005768540073, 2.7472263145476785, 2.7422472332317622, 2.7410071781403316], "valid_losses": [3.050660387694615, 2.9752792604774125, 2.9162808395876136, 2.87344234688173, 2.832610920716275, 2.7946011088834557, 2.7599162038678147, 2.7315570247188043, 2.703285780766396, 2.6825000158199126, 2.659054582581679, 2.6409243276004295, 2.627096248940278, 2.611750573251392, 2.601436545144495, 2.592032760565891, 2.5890855064203477, 2.5836111184840442, 2.582099522884166, 2.582783583510202]}