{"train_losses": [4.055921699791341, 3.6727952972457216, 3.511991776727341, 3.393095027192219, 3.2965065575129278, 3.214062583446503, 3.140539561896711, 3.0765269312504175, 3.0176162097905133, 2.965721602939271, 2.9206953776043814, 2.8800194945689794, 2.8464148272533674, 2.8182898645465437, 2.7959662435828028, 2.778513340853356, 2.7643784853252207, 2.756332013413713, 2.751363967238246, 2.7473186808663446], "valid_losses": [3.6727186469418744, 3.663149105751028, 3.6533767534569552, 3.6847773055063633, 3.7040440022429664, 3.7099254941763484, 3.761395526020724, 3.7468955404826234, 3.7813715195036934, 3.8009372488382573, 3.81422269123299, 3.8455516066038418, 3.8374708641886857, 3.8596377599666676, 3.8424636088726105, 3.8699104335016314, 3.8724022058974974, 3.880024538641365, 3.8801851570237846, 3.8803753378364743]}