{"train_losses": [3.065216667508119, 2.9538412128678906, 2.899488576626618, 2.856470849530009, 2.8196625267259225, 2.7856280203313637, 2.7542765433356267, 2.7268965652004984, 2.7000307715179135, 2.6748946669277727, 2.653967564378009, 2.632513985697855, 2.614579566437126, 2.598512152505401, 2.585818177933661, 2.5742725311509713, 2.566490689252047, 2.560656228993563, 2.555618338648905, 2.5539007598121692], "valid_losses": [3.051070932033128, 3.03458255493367, 3.0289370932919226, 3.0297615346481894, 3.0338672902592725, 3.0348412811828207, 3.0420986522065685, 3.049084863178387, 3.0540737581080077, 3.062570637918585, 3.0681424362916037, 3.0744122593982333, 3.0785301097791455, 3.0884266533903517, 3.0945267256398874, 3.09885383373016, 3.0979109980895703, 3.1043830555035963, 3.1016102237885925, 3.1017714671096894]}