{"train_losses": [3.4301259350371556, 3.2477099797199025, 3.172902232749872, 3.114612031913239, 3.064707876152029, 3.0213382121074717, 2.979091077048948, 2.9435817418119457, 2.911503954305823, 2.879048917562126, 2.8529300163795996, 2.8287670382018955, 2.807075695994517, 2.7891466461539345, 2.774267981756101, 2.7610952956185844, 2.752166195888051, 2.7470291063724037, 2.741543090140917, 2.7395847356867087], "valid_losses": [3.0519856425239364, 2.9713057994253114, 2.9177598850099353, 2.8697847108758423, 2.8312273370320775, 2.7949213515990157, 2.7594998333745893, 2.735560529753658, 2.7053572592246073, 2.680487512510698, 2.6606919514970815, 2.642305281017855, 2.623808535126732, 2.610408145800804, 2.6004521151260924, 2.593305898979951, 2.587127247611141, 2.583563704425826, 2.5818435028840057, 2.5817468242975337]}