{"train_losses": [4.034364194483371, 3.647543875333425, 3.486970585423547, 3.3624332037487545, 3.262983785062223, 3.1772231977694743, 3.098672440954157, 3.0297489324131526, 2.968922417228286, 2.9136072381767066, 2.8670084105311213, 2.8242173344380146, 2.7883048452557744, 2.7583206570470655, 2.734654888140189, 2.7151311997465184, 2.701331547595359, 2.69180211363612, 2.685123633500692, 2.6818977342425168], "valid_losses": [3.698537972749282, 3.68061491714387, 3.6587352113601126, 3.711817735026781, 3.706065561839782, 3.731392049176285, 3.754894316727047, 3.79302619142655, 3.8198182630020128, 3.81149666033442, 3.8331758615171165, 3.863787689973056, 3.8576076721697015, 3.879809112624292, 3.897983302230533, 3.9017995724456362, 3.903845936796903, 3.9152788891872476, 3.915703508195962, 3.921849378610341]}