{"train_losses": [5.257961256838655, 4.565213184074608, 4.363672741184151, 4.23989634524358, 4.152332531122984, 4.084541541214182, 4.029437566868834, 3.9834149537257537, 3.9445667945790994, 3.9119489082680925, 3.885091648527929, 3.8632189482544264, 3.8448351665140326, 3.825955181244862, 3.8124371403189405, 3.8007656557894562, 3.792001423931782, 3.7869230973938115, 3.78293964193631, 3.78114530506038], "valid_losses": [4.468826292177066, 4.194781461369122, 4.040202713719994, 3.941549580825127, 3.8638061286492458, 3.813518395087922, 3.76303474953207, 3.7207048290002773, 3.6894694624194697, 3.668217157403972, 3.637257016928146, 3.6205084076328538, 3.602569372309153, 3.594050922853543, 3.5833393498905215, 3.570154521904416, 3.565296263570986, 3.5627659092138075, 3.5598916064381454, 3.560396734657335]}