{"train_losses": [5.936734609472234, 5.231996566456505, 4.970439813072199, 4.796480400408374, 4.66365436882301, 4.553963997961301, 4.461553061971614, 4.386666893620245, 4.318055932182052, 4.262943693548985, 4.208393494578527, 4.1650295748828725, 4.12797111425272, 4.096554521182374, 4.0715366021627535, 4.051471447731681, 4.037595509708387, 4.028297904880367, 4.021033497782098, 4.018698764099032], "valid_losses": [5.406086070000092, 5.108317920927368, 4.942115304097964, 4.834456758003014, 4.760956174376383, 4.70560563782047, 4.662703880684913, 4.632035823226664, 4.603642452658946, 4.584326272755, 4.5754513561381085, 4.563194225289229, 4.550858234394492, 4.550110778367588, 4.541747775381011, 4.543523610671821, 4.535935144203936, 4.54234584356319, 4.540574002128116, 4.5421441207731394]}